timestamp,city,lat,lon,predict_date,prediction,probability,confidence,temp_max,temp_min,precip_sum,weather_code,actual_precip_mm,actual_rain,is_correct
2026-08-10T12:00:00Z,Delhi,28.6139,77.209,2026-08-10,Yes,88.9,88.9,35.0,28.0,4.5,61.0,7.7,1.0,1.0
2026-08-10T12:00:00Z,Mumbai,19.076,72.8777,2026-08-10,Yes,99.8,99.8,29.0,26.0,12.0,65.0,8.1,1.0,1.0
2026-08-10T12:00:00Z,Cairo,30.0444,31.2357,2026-08-10,No,11.4,88.6,38.0,25.0,0.0,0.0,0.0,0.0,1.0
2026-08-13T14:13:22Z,Park Town,2026-08-13,Yes,96.6,100.0,30.6,29.6,0.0,3.0,,,,,
2026-08-13T14:13:50Z,Park Town,2026-08-14,Yes,84.9,100.0,34.6,29.6,0.5,61.0,,,,,
2026-08-14T10:12:37Z,London,51.5085,-0.1257,2026-08-14,No,33.6,66.4,34.0,24.9,0.0,3.0,0.0,0.0,1.0
2026-08-14T10:13:16Z,Park Town,13.0827,80.2707,2026-08-14,Yes,88.4,88.4,35.5,30.3,0.2,61.0,2.6,1.0,1.0
2026-08-14T10:16:47Z,London,51.5085,-0.1257,2026-08-14,No,33.7,66.3,34.0,24.9,0.0,3.0,0.0,0.0,1.0
2026-08-14T10:31:35Z,Petit-Noir,46.9797,5.3163,2026-08-14,Yes,77.6,77.6,36.1,24.8,0.1,61.0,0.0,0.0,0.0
2026-08-14T10:33:04Z,Park Town,13.0837,80.2702,2026-08-14,Yes,93.5,93.5,34.6,30.3,0.2,61.0,2.6,1.0,1.0
2026-08-14T13:52:05Z,Kanija Bhavan,12.9768,77.5901,2026-08-14,Yes,90.7,90.7,26.7,19.6,1.9,61.0,,,
2026-08-14T13:52:24Z,Kanija Bhavan,12.9768,77.5901,2026-08-14,Yes,90.7,90.7,26.7,19.6,1.9,61.0,,,
2026-08-14T14:00:24Z,Parliament House, Delhi,28.6139,77.209,2026-08-14,Yes,93.9,93.9,31.6,28.0,0.0,3.0,,
2026-08-14T15:35:54Z,London,51.5085,-0.1257,2026-08-14,Yes,42.6,57.4,34.0,25.2,0.0,3.0,,,
2026-08-14T16:05:41Z,Sathupalli,17.2223,81.2978,2026-08-14,Yes,89.5,89.5,28.7,26.1,0.0,3.0,,,
2026-08-14T18:38:17Z,Sathupalli,17.2223,81.2978,2026-08-14,Yes,88.5,88.5,26.3,25.8,0.0,3.0,,,
2026-08-15T16:23:04Z,Park Town,13.0827,80.2707,2026-08-15,Yes,97.7,97.7,30.4,29.2,0.1,61.0,,,
2026-08-15T16:25:30Z,Park Town,13.0827,80.2707,2026-08-15,Yes,97.7,97.7,30.4,29.2,0.1,61.0,,,
2026-08-15T16:26:11Z,Park Town,13.0827,80.2707,2026-08-17,Yes,90.6,90.6,33.8,28.4,1.2,61.0,,,
2026-08-15T17:46:20Z,Park Town,13.08,80.27,2026-08-16,Yes,85.5,85.5,34.8,28.4,1.4,61
2026-08-15T17:46:21Z,Port Blair,11.6234,92.7265,2026-08-16,Yes,99.8,99.8,29.1,27.9,9.8,61
2026-08-15T17:46:40Z,Park Town,13.08,80.27,2026-08-16,Yes,85.5,85.5,34.8,28.4,1.4,61
2026-08-15T17:46:41Z,Port Blair,11.6234,92.7265,2026-08-16,Yes,99.8,99.8,29.1,27.9,9.8,61
2026-08-15T17:46:56Z,Port Blair,11.6234,92.7265,2026-08-16,Yes,99.8,99.8,29.1,27.9,9.8,61
2026-08-15T17:47:26Z,Park Town,13.08,80.27,2026-08-16,Yes,85.5,85.5,34.8,28.4,1.4,61
2026-08-15T17:47:28Z,Port Blair,11.6234,92.7265,2026-08-16,Yes,99.8,99.8,29.1,27.9,9.8,61
2026-08-15T17:47:50Z,Park Town,13.08,80.27,2026-08-16,Yes,85.5,85.5,34.8,28.4,1.4,61
2026-08-15T17:47:52Z,Port Blair,11.6234,92.7265,2026-08-16,Yes,99.8,99.8,29.1,27.9,9.8,61
2026-08-15T17:49:06Z,Park Town,13.08,80.27,2026-08-16,Yes,85.5,85.5,34.8,28.4,1.4,61
2026-08-15T17:49:08Z,Port Blair,11.6234,92.7265,2026-08-16,Yes,99.8,99.8,29.1,27.9,9.8,61
2026-08-15T17:49:41Z,Park Town,13.08,80.27,2026-08-16,Yes,85.5,85.5,34.8,28.4,1.4,61
2026-08-15T17:49:43Z,Port Blair,11.6234,92.7265,2026-08-16,Yes,99.8,99.8,29.1,27.9,9.8,61
2026-08-15T17:50:34Z,Port Blair,11.6234,92.7265,2026-08-16,Yes,99.8,99.8,29.1,27.9,9.8,61
2026-08-15T17:51:53Z,Park Town,13.08,80.27,2026-08-16,Yes,83.2,83.2,34.8,28.4,1.4,61,custom_model
2026-08-15T17:51:55Z,Port Blair,11.6234,92.7265,2026-08-16,Yes,100,100.0,29.1,27.9,9.8,61,owm_forecast
2026-08-15T18:52:23Z,Park Town,13.0837,80.2702,2026-08-17,Yes,89.2,89.2,33.5,28.7,1.7,61,custom_model
2026-08-16T16:48:23Z,Sathupalli,17.2223,81.2978,2026-08-16,No,35.0,65.0,25.7,25.5,0.1,61,owm_forecast
2026-08-17T12:42:41Z,Park Town,13.0827,80.2707,2026-08-17,Yes,98.9,98.9,30.6,28.2,1.7,61,custom_model
2026-08-17T12:49:06Z,Park Town,13.0827,80.2707,2026-08-17,Yes,98.9,98.9,30.6,28.2,1.7,61,custom_model
2026-08-17T12:49:43Z,Delhi,28.6667,77.2167,2026-08-17,Yes,84.2,84.2,34.0,28.1,0.5,61,custom_model
2026-08-17T12:50:57Z,Delhi,28.6667,77.2167,2026-08-17,Yes,84.2,84.2,34.0,28.1,0.5,61,custom_model
2026-08-17T12:51:19Z,London,51.5085,-0.1257,2026-08-17,No,0,100.0,25.9,21.1,0.0,3,owm_forecast
2026-08-17T12:52:29Z,Park Town,13.08,80.27,2026-08-17,Yes,99.0,99.0,30.4,28.2,1.7,61,custom_model
2026-08-17T13:42:19Z,Park Town,13.08,80.27,2026-08-17,Yes,99.2,99.2,30.8,28.3,1.7,61,custom_model
